"session","ID","party","name","coord1D","coord2D","se1D","se2D","var1D","var2D","loglikelihood","numVotes","numErrors","GMP"
1,"Clifton Below","Democrat","Clifton Below",-0.640078663825989,-0.374732851982117,0,0,0,0,-21.121940612793,99,9,0.807870984077454
1,"Clesson Blaisdell","Democrat","Clesson Blaisdell",-0.684993326663971,0.473587244749069,0,0,0,0,-14.5874576568604,82,7,0.837029635906219
1,"Mary Brown","Republican","Mary Brown",0.901437699794769,-0.417828738689423,0,0,0,0,-14.9021511077881,109,8,0.872217059135437
1,"Burton Cohen","Democrat","Burton Cohen",-0.850425243377686,-0.291467487812042,0,0,0,0,-23.1905403137207,111,8,0.811457097530365
1,"Lou D'Allesandro","Democrat","Lou D'Allesandro",-0.676315307617188,0.970372319221497,0,0,0,0,-22.9582138061523,108,11,0.808498859405518
1,"George Disnard","Democrat","George Disnard",-0.913512945175171,0.406809628009796,0,0,0,0,-44.9912376403809,110,25,0.66430675983429
1,"Thomas Eaton","Republican","Thomas Eaton",0.606439590454102,-0.375975847244263,0,0,0,0,-0.666329979896545,2,0,0.716651916503906
1,"Mark Fernald","Democrat","Mark Fernald",-0.654224336147308,-0.756300628185272,0,0,0,0,-21.5178356170654,111,11,0.823777854442596
1,"Gary Francoeur","Republican","Gary Francoeur",0.920470893383026,0.236359059810638,0,0,0,0,-17.2708892822266,110,9,0.854697167873383
1,"Leo Fraser","Republican","Leo Fraser",0.0262362714856863,0.354179829359055,0,0,0,0,-25.610818862915,104,12,0.781720638275146
1,"Edward (Ned) Gordon","Republican","Edward (Ned) Gordon",0.304735124111176,-0.378887295722961,0,0,0,0,-22.6714973449707,111,10,0.815260410308838
1,"Beverly Hollingworth","Democrat","Beverly Hollingworth",-0.724820971488953,-0.254184871912003,0,0,0,0,-23.3760433197021,98,11,0.787784218788147
1,"Carl Johnson","Republican","Carl Johnson",0.625782310962677,0.153279155492783,0,0,0,0,-22.4683094024658,111,11,0.816754102706909
1,"Frederick King","Republican","Frederick King",0.170343622565269,0.345209151506424,0,0,0,0,-25.9961318969727,109,12,0.78781133890152
1,"John King","Democrat","John King",-0.762940466403961,0.646468818187714,0,0,0,0,-29.8670768737793,106,17,0.754451036453247
1,"Arthur Klemm","Republican","Arthur Klemm",0.538661003112793,0.62041836977005,0,0,0,0,-28.2286415100098,108,16,0.769991099834442
1,"Patricia Krueger","Republican","Patricia Krueger",0.835942149162292,-0.366587191820145,0,0,0,0,-13.1412858963013,111,5,0.888349533081055
1,"Sylvia Larsen","Democrat","Sylvia Larsen",-0.738329768180847,0.110778816044331,0,0,0,0,-16.9100437164307,107,7,0.853817522525787
1,"Caroline McCarley","Democrat","Caroline McCarley",-0.773526608943939,0.331547617912292,0,0,0,0,-19.7718467712402,110,7,0.835484027862549
1,"Debora Pignatelli","Democrat","Debora Pignatelli",-0.862883806228638,-0.271833866834641,0,0,0,0,-22.052921295166,100,8,0.802094221115112
1,"Sheila Roberge","Republican","Sheila Roberge",0.80270379781723,-0.633977890014648,0,0,0,0,-17.8672943115234,110,9,0.850075662136078
1,"Richard Russman","Republican","Richard Russman",-0.288301825523376,-0.270203024148941,0,0,0,0,-33.9211502075195,107,15,0.728316128253937
1,"James Squires","Republican","James Squires",-0.00952419638633728,-0.479658156633377,0,0,0,0,-16.0904960632324,103,7,0.855372369289398
1,"Rick Trombly","Democrat","Rick Trombly",-0.89613550901413,0.344120502471924,0,0,0,0,-25.1579265594482,108,10,0.792198121547699
1,"Katherine Wheeler","Democrat","Katherine Wheeler",-0.993758738040924,-0.111551158130169,0,0,0,0,-19.1378402709961,107,6,0.836224377155304
2,"Clifton Below","Democrat","Clifton Below",-0.624943137168884,-0.549128651618958,0,0,0,0,-14.4602861404419,72,6,0.818045496940613
2,"Mary Brown","Republican","Mary Brown",0.901437699794769,-0.417828738689423,0,0,0,0,-20.0036296844482,75,7,0.765891253948212
2,"Burton Cohen","Democrat","Burton Cohen",-0.87368768453598,-0.295246154069901,0,0,0,0,-25.5076656341553,73,17,0.705096900463104
2,"Lou D'Allesandro","Democrat","Lou D'Allesandro",-0.636069715023041,0.890192270278931,0,0,0,0,-14.4768514633179,73,6,0.820113122463226
2,"George Disnard","Democrat","George Disnard",-0.913512945175171,0.406809628009796,0,0,0,0,-30.0037078857422,74,17,0.666673064231873
2,"Thomas Eaton","Republican","Thomas Eaton",0.587878823280334,-0.205551400780678,0,0,0,0,-19.4411811828613,74,10,0.768958210945129
2,"Mark Fernald","Democrat","Mark Fernald",-0.654224336147308,-0.756300628185272,0,0,0,0,-14.4137077331543,64,5,0.79834520816803
2,"Gary Francoeur","Republican","Gary Francoeur",0.920470893383026,0.236359059810638,0,0,0,0,-16.749828338623,75,7,0.799849987030029
2,"Leo Fraser","Republican","Leo Fraser",0.0262362714856863,0.354179829359055,0,0,0,0,-23.5067043304443,75,9,0.730940878391266
2,"Edward (Ned) Gordon","Republican","Edward (Ned) Gordon",0.304735124111176,-0.378887295722961,0,0,0,0,-19.6851539611816,74,7,0.766427159309387
2,"Beverly Hollingworth","Democrat","Beverly Hollingworth",-0.724820971488953,-0.254184871912003,0,0,0,0,-6.30462694168091,39,3,0.850732862949371
2,"Carl Johnson","Republican","Carl Johnson",0.626055240631104,-0.00454617850482464,0,0,0,0,-17.2615928649902,75,8,0.794410824775696
2,"Frederick King","Republican","Frederick King",0.170343622565269,0.345209151506424,0,0,0,0,-14.366021156311,73,7,0.821359157562256
2,"John King","Democrat","John King",-0.762940466403961,0.646468818187714,0,0,0,0,-17.5492343902588,72,4,0.783691883087158
2,"Arthur Klemm","Republican","Arthur Klemm",0.538661003112793,0.62041836977005,0,0,0,0,-17.6942329406738,69,9,0.773802816867828
2,"Patricia Krueger","Republican","Patricia Krueger",0.835942149162292,-0.366587191820145,0,0,0,0,-15.8341274261475,75,7,0.809675514698029
2,"Sylvia Larsen","Democrat","Sylvia Larsen",-0.787292063236237,0.0396247878670692,0,0,0,0,-20.2737045288086,70,10,0.748544692993164
2,"Caroline McCarley","Democrat","Caroline McCarley",-0.773526608943939,0.331547617912292,0,0,0,0,-21.4086284637451,75,10,0.75167715549469
2,"Debora Pignatelli","Democrat","Debora Pignatelli",-0.862883806228638,-0.271833866834641,0,0,0,0,-34.0672492980957,62,23,0.57725465297699
2,"Sheila Roberge","Republican","Sheila Roberge",0.766444206237793,-0.394614547491074,0,0,0,0,-17.9503631591797,75,10,0.787148654460907
2,"Richard Russman","Republican","Richard Russman",-0.288301825523376,-0.270203024148941,0,0,0,0,-31.3070373535156,75,18,0.658739507198334
2,"James Squires","Republican","James Squires",-0.00952419638633728,-0.479658156633377,0,0,0,0,-19.0980377197266,74,9,0.772532224655151
2,"Rick Trombly","Democrat","Rick Trombly",-0.89613550901413,0.344120502471924,0,0,0,0,-22.2221069335938,74,14,0.740596950054169
2,"Katherine Wheeler","Democrat","Katherine Wheeler",-0.993758738040924,-0.111551158130169,0,0,0,0,-26.3884677886963,75,18,0.703388273715973
3,"John Barnes, Jr.","Republican","John Barnes, Jr.",0.656472444534302,0.616795539855957,0,0,0,0,-11.4844551086426,109,6,0.899998664855957
3,"Clifton Below","Democrat","Clifton Below",-0.633638262748718,-0.656410574913025,0,0,0,0,-4.58156776428223,99,2,0.954776048660278
3,"Robert Boyce","Republican","Robert Boyce",0.927667140960693,-0.508652806282043,0,0,0,0,-9.72908973693848,109,5,0.914609849452972
3,"Harold Burns","Republican","Harold Burns",0.533409178256989,-0.148920565843582,0,0,0,0,-9.26987552642822,109,6,0.918471217155457
3,"Burton Cohen","Democrat","Burton Cohen",-0.879170715808868,-0.27902615070343,0,0,0,0,-5.92015218734741,107,1,0.946174263954163
3,"Lou D'Allesandro","Democrat","Lou D'Allesandro",-0.607933521270752,0.820736944675446,0,0,0,0,-8.61097621917725,109,2,0.924040138721466
3,"George Disnard","Democrat","George Disnard",-0.913512945175171,0.406809628009796,0,0,0,0,-26.4057960510254,109,15,0.784856021404266
3,"Thomas Eaton","Republican","Thomas Eaton",0.575040459632874,-0.124454520642757,0,0,0,0,-13.81116771698,109,7,0.880990922451019
3,"Mark Fernald","Democrat","Mark Fernald",-0.654224336147308,-0.756300628185272,0,0,0,0,-10.0921773910522,108,6,0.910787105560303
3,"Robert Flanders","Republican","Robert Flanders",0.585606098175049,-0.0884119421243668,0,0,0,0,-22.5260143280029,109,11,0.813295543193817
3,"Gary Francoeur","Republican","Gary Francoeur",0.920470893383026,0.236359059810638,0,0,0,0,-7.15216541290283,107,2,0.935342371463776
3,"Theodore Gatsas","Republican","Theodore Gatsas",0.361116379499435,0.6150883436203,0,0,0,0,-10.4894952774048,109,4,0.908251523971558
3,"Edward (Ned) Gordon","Republican","Edward (Ned) Gordon",0.304735124111176,-0.378887295722961,0,0,0,0,-5.78623151779175,106,2,0.946876049041748
3,"Beverly Hollingworth","Democrat","Beverly Hollingworth",-0.724820971488953,-0.254184871912003,0,0,0,0,-5.52942323684692,109,1,0.950536549091339
3,"Carl Johnson","Republican","Carl Johnson",0.645869255065918,-0.128939673304558,0,0,0,0,-20.1573123931885,108,10,0.829740881919861
3,"Arthur Klemm","Republican","Arthur Klemm",0.538661003112793,0.62041836977005,0,0,0,0,-10.2366466522217,109,8,0.910360872745514
3,"Sylvia Larsen","Democrat","Sylvia Larsen",-0.819710791110992,-0.00847781728953123,0,0,0,0,-11.8330430984497,105,5,0.893422544002533
3,"Caroline McCarley","Democrat","Caroline McCarley",-0.773526608943939,0.331547617912292,0,0,0,0,-9.10664367675781,109,5,0.919847667217255
3,"Jane O'Hearn","Republican","Jane O'Hearn",0.421774655580521,-0.393490225076675,0,0,0,0,-7.68597745895386,109,4,0.931915104389191
3,"Daniel O'Neil","Democrat","Daniel O'Neil",-0.583055257797241,0.617669939994812,0,0,0,0,-14.1592426300049,104,6,0.872714698314667
3,"Debora Pignatelli","Democrat","Debora Pignatelli",-0.862883806228638,-0.271833866834641,0,0,0,0,-16.4691524505615,105,7,0.85483306646347
3,"Russell Prescott","Republican","Russell Prescott",0.842692673206329,0.259237140417099,0,0,0,0,-12.4362735748291,109,4,0.892173886299133
3,"Sheila Roberge","Republican","Sheila Roberge",0.73044753074646,-0.204745814204216,0,0,0,0,-12.4447240829468,108,7,0.891162097454071
3,"Katherine Wheeler","Democrat","Katherine Wheeler",-0.993758738040924,-0.111551158130169,0,0,0,0,-6.83487033843994,92,4,0.92840051651001
4,"John Barnes, Jr.","Republican","John Barnes, Jr.",0.654035747051239,0.536801099777222,0,0,0,0,-29.6106491088867,126,19,0.790566802024841
4,"Clifton Below","Democrat","Clifton Below",-0.666163980960846,-0.696578621864319,0,0,0,0,-14.6172361373901,129,6,0.892872095108032
4,"Robert Boyce","Republican","Robert Boyce",0.969547986984253,-0.254937767982483,0,0,0,0,-23.6353759765625,129,9,0.832584977149963
4,"Harold Burns","Republican","Harold Burns",0.533409178256989,-0.148920565843582,0,0,0,0,-16.6355381011963,123,8,0.873499035835266
4,"Burton Cohen","Democrat","Burton Cohen",-0.866874277591705,-0.242807552218437,0,0,0,0,-15.1646299362183,129,5,0.889091372489929
4,"Lou D'Allesandro","Democrat","Lou D'Allesandro",-0.590554594993591,0.76001513004303,0,0,0,0,-8.84244060516357,125,1,0.931704521179199
4,"George Disnard","Democrat","George Disnard",-0.913512945175171,0.406809628009796,0,0,0,0,-41.7507057189941,129,24,0.723504245281219
4,"Thomas Eaton","Republican","Thomas Eaton",0.571407318115234,-0.132353231310844,0,0,0,0,-17.9585876464844,129,6,0.870041966438293
4,"Mark Fernald","Democrat","Mark Fernald",-0.654224336147308,-0.756300628185272,0,0,0,0,-14.2901859283447,128,9,0.894364297389984
4,"Robert Flanders","Republican","Robert Flanders",0.594151496887207,-0.120140686631203,0,0,0,0,-25.7859859466553,128,14,0.817542016506195
4,"Gary Francoeur","Republican","Gary Francoeur",0.920470893383026,0.236359059810638,0,0,0,0,-17.3150234222412,129,7,0.874393343925476
4,"Theodore Gatsas","Republican","Theodore Gatsas",0.366060763597488,0.541479051113129,0,0,0,0,-12.8419742584229,129,5,0.905244529247284
4,"Edward (Ned) Gordon","Republican","Edward (Ned) Gordon",0.304735124111176,-0.378887295722961,0,0,0,0,-21.5911293029785,125,9,0.841365575790405
4,"Beverly Hollingworth","Democrat","Beverly Hollingworth",-0.724820971488953,-0.254184871912003,0,0,0,0,-14.1666784286499,126,8,0.893656373023987
4,"Carl Johnson","Republican","Carl Johnson",0.671475529670715,-0.216626837849617,0,0,0,0,-40.1241188049316,129,22,0.732684791088104
4,"Arthur Klemm","Republican","Arthur Klemm",0.538661003112793,0.62041836977005,0,0,0,0,-16.1768913269043,127,9,0.880401611328125
4,"Sylvia Larsen","Democrat","Sylvia Larsen",-0.83820253610611,-0.0366748757660389,0,0,0,0,-18.554594039917,112,8,0.847329199314117
4,"Caroline McCarley","Democrat","Caroline McCarley",-0.773526608943939,0.331547617912292,0,0,0,0,-26.9617958068848,128,14,0.810066401958466
4,"Jane O'Hearn","Republican","Jane O'Hearn",0.421774655580521,-0.393490225076675,0,0,0,0,-18.8284931182861,129,7,0.864194571971893
4,"Daniel O'Neil","Democrat","Daniel O'Neil",-0.583055257797241,0.617669939994812,0,0,0,0,-12.6719932556152,129,6,0.906438112258911
4,"Debora Pignatelli","Democrat","Debora Pignatelli",-0.862883806228638,-0.271833866834641,0,0,0,0,-24.0763759613037,108,10,0.800171315670013
4,"Russell Prescott","Republican","Russell Prescott",0.7476806640625,-0.0228811223059893,0,0,0,0,-20.5868759155273,128,11,0.85143256187439
4,"Sheila Roberge","Republican","Sheila Roberge",0.696496188640594,-0.0640982240438461,0,0,0,0,-32.1459274291992,129,14,0.779429316520691
4,"Katherine Wheeler","Democrat","Katherine Wheeler",-0.993758738040924,-0.111551158130169,0,0,0,0,-21.2433853149414,126,11,0.844848215579987
5,"John Barnes, Jr.","Republican","John Barnes, Jr.",0.658685624599457,0.443128824234009,0,0,0,0,-11.9743556976318,88,4,0.872779607772827
5,"Clifton Below","Democrat","Clifton Below",-0.722520351409912,-0.669632792472839,0,0,0,0,-7.54539203643799,88,2,0.917829990386963
5,"Robert Boyce","Republican","Robert Boyce",0.998360753059387,-0.0809993967413902,0,0,0,0,-12.7786016464233,88,6,0.864839434623718
5,"Robert Clegg","Republican","Robert Clegg",0.65539425611496,-0.121949315071106,0,0,0,0,-8.0284948348999,88,2,0.912805080413818
5,"Burton Cohen","Democrat","Burton Cohen",-0.836798250675201,-0.186590284109116,0,0,0,0,-11.614860534668,88,6,0.876352369785309
5,"Lou D'Allesandro","Democrat","Lou D'Allesandro",-0.582581043243408,0.706035971641541,0,0,0,0,-5.46216678619385,88,3,0.939817011356354
5,"Thomas Eaton","Republican","Thomas Eaton",0.580461978912354,-0.228915438055992,0,0,0,0,-0.796816766262054,13,0,0.940547049045563
5,"Iris Estabrook","Democrat","Iris Estabrook",-0.791794061660767,-0.691839098930359,0,0,0,0,-5.15034675598145,87,2,0.942518830299377
5,"Robert Flanders","Republican","Robert Flanders",0.59316211938858,-0.15298593044281,0,0,0,0,-11.0722198486328,88,4,0.881772935390472
5,"Joseph Foster","Democrat","Joseph Foster",-0.596949815750122,-0.258053719997406,0,0,0,0,-7.40740871429443,87,3,0.91838127374649
5,"John Gallus","Republican","John Gallus",0.558452785015106,-0.320532977581024,0,0,0,0,-23.9728946685791,88,11,0.761534929275513
5,"Theodore Gatsas","Republican","Theodore Gatsas",0.412817537784576,0.477335631847382,0,0,0,0,-11.7280397415161,88,5,0.875225961208344
5,"Richard Green","Republican","Richard Green",0.392543822526932,0.919733345508575,0,0,0,0,-10.5772752761841,88,5,0.886746346950531
5,"Carl Johnson","Republican","Carl Johnson",0.689125180244446,-0.264333128929138,0,0,0,0,-9.03299713134766,87,5,0.901380717754364
5,"Joseph Kenney","Republican","Joseph Kenney",0.742485105991364,0.35287070274353,0,0,0,0,-14.621618270874,86,10,0.843648910522461
5,"Sylvia Larsen","Democrat","Sylvia Larsen",-0.845384299755096,-0.0481122508645058,0,0,0,0,-8.03844165802002,88,3,0.912701904773712
5,"Andre' Martel","Republican","Andre' Martel",0.498607337474823,0.126837253570557,0,0,0,0,-10.2886753082275,84,2,0.884719848632812
5,"Chuck Morse","Republican","Chuck Morse",0.562321841716766,-0.0290892571210861,0,0,0,0,-10.9043731689453,88,3,0.883456408977509
5,"Jane O'Hearn","Republican","Jane O'Hearn",0.421774655580521,-0.393490225076675,0,0,0,0,-10.9198532104492,88,4,0.883301019668579
5,"Bob Odell","Republican","Bob Odell",0.488308519124985,-0.352911442518234,0,0,0,0,-13.5293378829956,88,6,0.857492804527283
5,"Andrew Peterson","Republican","Andrew Peterson",0.356519401073456,-0.934287965297699,0,0,0,0,-6.90562582015991,88,3,0.924526989459991
5,"Russell Prescott","Republican","Russell Prescott",0.69684499502182,-0.231713309884071,0,0,0,0,-8.56448268890381,80,2,0.898475348949432
5,"Sheila Roberge","Republican","Sheila Roberge",0.666372537612915,0.0276017915457487,0,0,0,0,-10.86949634552,88,6,0.883806586265564
5,"Frank Sapareto","Republican","Frank Sapareto",0.185676872730255,0.606199026107788,0,0,0,0,-10.3164367675781,83,4,0.883119821548462
6,"John Barnes, Jr.","Republican","John Barnes, Jr.",0.668216168880463,0.340336441993713,0,0,0,0,-13.8286180496216,65,6,0.808359861373901
6,"Clifton Below","Democrat","Clifton Below",-0.802707314491272,-0.575573086738586,0,0,0,0,-10.1758251190186,65,2,0.855087757110596
6,"Robert Boyce","Republican","Robert Boyce",1.01410531997681,0.0131622888147831,0,0,0,0,-13.5647850036621,65,6,0.811647593975067
6,"Robert Clegg","Republican","Robert Clegg",0.664006054401398,-0.223530411720276,0,0,0,0,-13.9842185974121,65,7,0.80642706155777
6,"Burton Cohen","Democrat","Burton Cohen",-0.788942813873291,-0.110374420881271,0,0,0,0,-7.97096872329712,63,2,0.881153583526611
6,"Lou D'Allesandro","Democrat","Lou D'Allesandro",-0.582660913467407,0.656808257102966,0,0,0,0,-19.0574588775635,65,10,0.745879173278809
6,"Thomas Eaton","Republican","Thomas Eaton",0.605687499046326,-0.413809210062027,0,0,0,0,-3.74107933044434,16,1,0.791506290435791
6,"Iris Estabrook","Democrat","Iris Estabrook",-0.832231223583221,-0.316009163856506,0,0,0,0,-9.7195463180542,65,3,0.861111342906952
6,"Robert Flanders","Republican","Robert Flanders",0.582637846469879,-0.186947643756866,0,0,0,0,-19.2946491241455,62,8,0.732564389705658
6,"Joseph Foster","Democrat","Joseph Foster",-0.639487564563751,-0.101623602211475,0,0,0,0,-10.5760974884033,63,4,0.845459878444672
6,"John Gallus","Republican","John Gallus",0.519009828567505,-0.0297079645097256,0,0,0,0,-32.1314582824707,66,18,0.614565193653107
6,"Theodore Gatsas","Republican","Theodore Gatsas",0.489697873592377,0.415668785572052,0,0,0,0,-14.6432838439941,66,8,0.801021158695221
6,"Richard Green","Republican","Richard Green",0.392543822526932,0.919733345508575,0,0,0,0,-15.7186574935913,66,8,0.78807544708252
6,"Carl Johnson","Republican","Carl Johnson",0.68506920337677,-0.268784046173096,0,0,0,0,-15.9499063491821,66,6,0.785319030284882
6,"Joseph Kenney","Republican","Joseph Kenney",0.64136528968811,0.152480006217957,0,0,0,0,-15.2210788726807,66,7,0.794039249420166
6,"Sylvia Larsen","Democrat","Sylvia Larsen",-0.843872904777527,-0.0459358431398869,0,0,0,0,-7.70467758178711,65,2,0.88822203874588
6,"Andre' Martel","Republican","Andre' Martel",0.498607337474823,0.126837253570557,0,0,0,0,-17.2699928283691,65,8,0.766675055027008
6,"Chuck Morse","Republican","Chuck Morse",0.64311295747757,-0.0792870074510574,0,0,0,0,-16.7782611846924,66,8,0.775524199008942
6,"Jane O'Hearn","Republican","Jane O'Hearn",0.421774655580521,-0.393490225076675,0,0,0,0,-20.753662109375,66,12,0.730190813541412
6,"Bob Odell","Republican","Bob Odell",0.44619157910347,-0.371932238340378,0,0,0,0,-19.597827911377,66,10,0.743090987205505
6,"Andrew Peterson","Republican","Andrew Peterson",0.356519401073456,-0.934287965297699,0,0,0,0,-11.4168291091919,66,3,0.841152548789978
6,"Russell Prescott","Republican","Russell Prescott",0.680312395095825,-0.366999596357346,0,0,0,0,-12.5791692733765,66,5,0.826468467712402
6,"Sheila Roberge","Republican","Sheila Roberge",0.641858637332916,0.0706278160214424,0,0,0,0,-15.1363697052002,66,6,0.795059025287628
6,"Frank Sapareto","Republican","Frank Sapareto",0.185676872730255,0.606199026107788,0,0,0,0,-18.6090660095215,58,6,0.725534975528717
7,"John Barnes, Jr.","Republican","John Barnes, Jr.",0.680421590805054,0.232981637120247,0,0,0,0,-20.0930309295654,92,9,0.803801834583282
7,"Robert Boyce","Republican","Robert Boyce",1.0167818069458,0.0275472812354565,0,0,0,0,-9.62502288818359,92,2,0.900666892528534
7,"Peter Bragdon","Republican","Peter Bragdon",0.653573453426361,-0.101942382752895,0,0,0,0,-25.1968879699707,89,13,0.753436088562012
7,"Peter Burling","Democrat","Peter Burling",-0.940991401672363,0.338430404663086,0,0,0,0,-10.0004529953003,89,4,0.893718302249908
7,"Robert Clegg","Republican","Robert Clegg",0.667225420475006,-0.152503311634064,0,0,0,0,-26.9881553649902,92,13,0.745761454105377
7,"Lou D'Allesandro","Democrat","Lou D'Allesandro",-0.589442193508148,0.610341131687164,0,0,0,0,-30.5234260559082,92,17,0.717647790908813
7,"Thomas Eaton","Republican","Thomas Eaton",0.650566399097443,-0.68670254945755,0,0,0,0,-17.257984161377,92,10,0.828957200050354
7,"Iris Estabrook","Democrat","Iris Estabrook",-0.855699717998505,-0.0747091919183731,0,0,0,0,-15.1669330596924,92,10,0.848014116287231
7,"Robert Flanders","Republican","Robert Flanders",0.562578678131104,-0.222025856375694,0,0,0,0,-18.6926860809326,84,5,0.80048942565918
7,"Joseph Foster","Democrat","Joseph Foster",-0.684401571750641,-0.0165012031793594,0,0,0,0,-15.7530250549316,91,8,0.841044962406158
7,"Martha Fuller Clark","Democrat","Martha Fuller Clark",-0.76782101392746,0.367115378379822,0,0,0,0,-11.8256864547729,92,5,0.879378318786621
7,"John Gallus","Republican","John Gallus",0.495025455951691,0.176996439695358,0,0,0,0,-36.1259727478027,92,19,0.675249099731445
7,"Theodore Gatsas","Republican","Theodore Gatsas",0.585012853145599,0.349488943815231,0,0,0,0,-34.4446220397949,92,14,0.687703132629395
7,"David Gottesman","Democrat","David Gottesman",-0.75778990983963,-0.587782919406891,0,0,0,0,-11.8168334960938,92,6,0.879462957382202
7,"Richard Green","Republican","Richard Green",0.392543822526932,0.919733345508575,0,0,0,0,-8.90283203125,90,1,0.905814826488495
7,"Margaret Hassan","Democrat","Margaret Hassan",-0.658015787601471,0.149790704250336,0,0,0,0,-8.52950286865234,92,3,0.911455988883972
7,"Carl Johnson","Republican","Carl Johnson",0.645558834075928,-0.226705089211464,0,0,0,0,-26.1519641876221,92,14,0.752570569515228
7,"Joseph Kenney","Republican","Joseph Kenney",0.594490110874176,0.0384568274021149,0,0,0,0,-32.571662902832,92,19,0.701847016811371
7,"Sylvia Larsen","Democrat","Sylvia Larsen",-0.836285173892975,-0.0332915186882019,0,0,0,0,-11.2857522964478,92,5,0.884554445743561
7,"Robert Letourneau","Republican","Robert Letourneau",0.849092781543732,-0.763522744178772,0,0,0,0,-17.3209915161133,91,9,0.826677560806274
7,"Andre' Martel","Republican","Andre' Martel",0.498607337474823,0.126837253570557,0,0,0,0,-34.3229217529297,92,22,0.688613414764404
7,"Chuck Morse","Republican","Chuck Morse",0.698942065238953,-0.125933185219765,0,0,0,0,-18.7923927307129,92,9,0.815246164798737
7,"Bob Odell","Republican","Bob Odell",0.40620344877243,-0.384602516889572,0,0,0,0,-17.13844871521,92,9,0.830034911632538
7,"Sheila Roberge","Republican","Sheila Roberge",0.624736905097961,0.0652533695101738,0,0,0,0,-26.2210483551025,92,17,0.752005696296692
8,"John Barnes, Jr.","Republican","John Barnes, Jr.",0.693096041679382,0.125622183084488,0,0,0,0,-19.84206199646,110,11,0.834950864315033
8,"Robert Boyce","Republican","Robert Boyce",1.00639021396637,-0.0378443896770477,0,0,0,0,-14.4993677139282,106,6,0.8721564412117
8,"Peter Bragdon","Republican","Peter Bragdon",0.643101692199707,-0.17235791683197,0,0,0,0,-34.0271911621094,112,15,0.737997949123383
8,"Peter Burling","Democrat","Peter Burling",-0.940991401672363,0.338430404663086,0,0,0,0,-7.56019687652588,112,2,0.934726059436798
8,"Robert Clegg","Republican","Robert Clegg",0.665052354335785,0.0911320000886917,0,0,0,0,-14.9121570587158,112,6,0.875338792800903
8,"Lou D'Allesandro","Democrat","Lou D'Allesandro",-0.601573050022125,0.564643442630768,0,0,0,0,-6.40611600875854,74,4,0.917072117328644
8,"Thomas Eaton","Republican","Thomas Eaton",0.718581438064575,-1.04726314544678,0,0,0,0,-15.940824508667,111,8,0.866224646568298
8,"Iris Estabrook","Democrat","Iris Estabrook",-0.862199604511261,0.0320606231689453,0,0,0,0,-12.0530090332031,111,6,0.897102057933807
8,"Robert Flanders","Republican","Robert Flanders",0.532984733581543,-0.258220553398132,0,0,0,0,-23.8270969390869,110,13,0.805243968963623
8,"Joseph Foster","Democrat","Joseph Foster",-0.731691658496857,-0.00268655270338058,0,0,0,0,-6.56312561035156,111,2,0.942586839199066
8,"Martha Fuller Clark","Democrat","Martha Fuller Clark",-0.85239839553833,0.106940373778343,0,0,0,0,-6.42127323150635,111,3,0.943792164325714
8,"John Gallus","Republican","John Gallus",0.483125478029251,0.317062377929688,0,0,0,0,-26.4522724151611,111,13,0.787959337234497
8,"Theodore Gatsas","Republican","Theodore Gatsas",0.687073647975922,0.271806597709656,0,0,0,0,-11.303689956665,110,4,0.902342796325684
8,"David Gottesman","Democrat","David Gottesman",-0.75778990983963,-0.587782919406891,0,0,0,0,-5.04683399200439,112,3,0.955939173698425
8,"Richard Green","Republican","Richard Green",0.392543822526932,0.919733345508575,0,0,0,0,-9.8368501663208,106,3,0.911375343799591
8,"Margaret Hassan","Democrat","Margaret Hassan",-0.716870427131653,0.0552109070122242,0,0,0,0,-8.70312881469727,112,4,0.92523592710495
8,"Carl Johnson","Republican","Carl Johnson",0.556845128536224,-0.134821757674217,0,0,0,0,-19.238805770874,103,10,0.829622507095337
8,"Joseph Kenney","Republican","Joseph Kenney",0.601859629154205,0.0108011662960052,0,0,0,0,-20.092077255249,96,9,0.811157941818237
8,"Sylvia Larsen","Democrat","Sylvia Larsen",-0.825237989425659,-0.0133251799270511,0,0,0,0,-5.09145784378052,110,3,0.954768896102905
8,"Robert Letourneau","Republican","Robert Letourneau",0.770181179046631,-0.245153620839119,0,0,0,0,-17.7995929718018,112,7,0.853060364723206
8,"Andre' Martel","Republican","Andre' Martel",0.498607337474823,0.126837253570557,0,0,0,0,-22.9195098876953,111,10,0.81344085931778
8,"Chuck Morse","Republican","Chuck Morse",0.733982026576996,-0.167071908712387,0,0,0,0,-15.6251058578491,111,7,0.868691921234131
8,"Bob Odell","Republican","Bob Odell",0.369114369153976,-0.392033845186234,0,0,0,0,-17.5706882476807,112,8,0.854805648326874
8,"Sheila Roberge","Republican","Sheila Roberge",0.616789698600769,0.011752026155591,0,0,0,0,-15.0141544342041,112,7,0.874541997909546
9,"John Barnes, Jr.","Republican","John Barnes, Jr.",0.704033732414246,0.0228157676756382,0,0,0,0,-22.9296417236328,132,11,0.840541124343872
9,"Peter Bragdon","Republican","Peter Bragdon",0.627273976802826,-0.222352534532547,0,0,0,0,-31.7882308959961,132,16,0.785983145236969
9,"Peter Burling","Democrat","Peter Burling",-0.940991401672363,0.338430404663086,0,0,0,0,-5.72265815734863,132,2,0.957572877407074
9,"Jacalyn Cilley","Democrat","Jacalyn Cilley",-0.808654487133026,0.588283956050873,0,0,0,0,-14.3666296005249,131,7,0.896130800247192
9,"Robert Clegg","Republican","Robert Clegg",0.657486855983734,0.507375478744507,0,0,0,0,-20.3880443572998,132,9,0.856882154941559
9,"Lou D'Allesandro","Democrat","Lou D'Allesandro",-0.617701411247253,0.517724275588989,0,0,0,0,-4.76453542709351,132,1,0.964548707008362
9,"Betsi DeVries","Democrat","Betsi DeVries",-0.544063985347748,-0.414663642644882,0,0,0,0,-5.10882425308228,132,1,0.962036192417145
9,"Michael Downing","Republican","Michael Downing",0.513355314731598,0.32656791806221,0,0,0,0,-31.810525894165,132,19,0.785850405693054
9,"Iris Estabrook","Democrat","Iris Estabrook",-0.851730763912201,0.00430035311728716,0,0,0,0,-7.78513956069946,132,4,0.942727208137512
9,"Joseph Foster","Democrat","Joseph Foster",-0.781357944011688,-0.0601796433329582,0,0,0,0,-5.76257944107056,125,3,0.954945862293243
9,"Martha Fuller Clark","Democrat","Martha Fuller Clark",-0.90665328502655,-0.0412917211651802,0,0,0,0,-6.17867803573608,131,2,0.953929543495178
9,"John Gallus","Republican","John Gallus",0.479935854673386,0.407971769571304,0,0,0,0,-26.7195663452148,132,11,0.816751062870026
9,"Theodore Gatsas","Republican","Theodore Gatsas",0.784191489219666,0.175632283091545,0,0,0,0,-19.894645690918,132,8,0.860091030597687
9,"David Gottesman","Democrat","David Gottesman",-0.75778990983963,-0.587782919406891,0,0,0,0,-2.98164820671082,132,1,0.977664947509766
9,"Margaret Hassan","Democrat","Margaret Hassan",-0.76834112405777,0.0138586275279522,0,0,0,0,-2.63725352287292,132,1,0.980219066143036
9,"Harold Janeway","Democrat","Harold Janeway",-0.897238790988922,-0.441545516252518,0,0,0,0,-2.94347333908081,132,1,0.977947771549225
9,"Molly Kelly","Democrat","Molly Kelly",-0.843318700790405,-0.0986827462911606,0,0,0,0,-2.05002617835999,124,0,0.983603417873383
9,"Joseph Kenney","Republican","Joseph Kenney",0.663473844528198,0.0695130228996277,0,0,0,0,-33.4125442504883,132,19,0.776370584964752
9,"Sylvia Larsen","Democrat","Sylvia Larsen",-0.813348174095154,0.0108173033222556,0,0,0,0,-5.74819755554199,132,3,0.957387626171112
9,"Robert Letourneau","Republican","Robert Letourneau",0.726237714290619,0.0865445509552956,0,0,0,0,-22.0542621612549,132,9,0.846133828163147
9,"Bob Odell","Republican","Bob Odell",0.335694700479507,-0.395337820053101,0,0,0,0,-12.0854692459106,131,5,0.911872148513794
9,"Deborah Reynolds","Democrat","Deborah Reynolds",-0.754584908485413,-0.0601235330104828,0,0,0,0,-10.197564125061,132,3,0.925654470920563
9,"Sheila Roberge","Republican","Sheila Roberge",0.619799196720123,-0.0896027162671089,0,0,0,0,-26.9739360809326,132,11,0.815178632736206
9,"Kathleen Sgambati","Democrat","Kathleen Sgambati",-0.735327780246735,-0.0335999168455601,0,0,0,0,-9.37722301483154,131,5,0.93092006444931
10,"John Barnes, Jr.","Republican","John Barnes, Jr.",0.711028933525085,-0.0708798766136169,0,0,0,0,-17.7925109863281,109,8,0.849392354488373
10,"Peter Bragdon","Republican","Peter Bragdon",0.609353303909302,-0.251489818096161,0,0,0,0,-34.0481452941895,105,19,0.723056435585022
10,"Peter Burling","Democrat","Peter Burling",-0.940991401672363,0.338430404663086,0,0,0,0,-9.99989795684814,105,2,0.909157335758209
10,"Jacalyn Cilley","Democrat","Jacalyn Cilley",-0.808654487133026,0.588283956050873,0,0,0,0,-25.7956256866455,109,13,0.789261877536774
10,"Robert Clegg","Republican","Robert Clegg",0.644528806209564,1.09622716903687,0,0,0,0,-14.3500471115112,101,8,0.867552101612091
10,"Lou D'Allesandro","Democrat","Lou D'Allesandro",-0.636475443840027,0.467592418193817,0,0,0,0,-36.3938865661621,109,20,0.71613335609436
10,"Betsi DeVries","Democrat","Betsi DeVries",-0.544063985347748,-0.414663642644882,0,0,0,0,-22.2937488555908,109,7,0.815030455589294
10,"Michael Downing","Republican","Michael Downing",0.513355314731598,0.32656791806221,0,0,0,0,-25.1247425079346,109,12,0.794134676456451
10,"Iris Estabrook","Democrat","Iris Estabrook",-0.824293255805969,-0.157990008592606,0,0,0,0,-16.6387119293213,103,10,0.850831747055054
10,"Joseph Foster","Democrat","Joseph Foster",-0.833400368690491,-0.188980475068092,0,0,0,0,-10.6227025985718,104,5,0.902901887893677
10,"Martha Fuller Clark","Democrat","Martha Fuller Clark",-0.935965895652771,-0.0981224477291107,0,0,0,0,-15.0016031265259,109,7,0.871421575546265
10,"John Gallus","Republican","John Gallus",0.482082456350327,0.467206805944443,0,0,0,0,-20.2242202758789,109,11,0.830652892589569
10,"Theodore Gatsas","Republican","Theodore Gatsas",0.864677309989929,0.0539765059947968,0,0,0,0,-17.3677635192871,109,4,0.852708697319031
10,"David Gottesman","Democrat","David Gottesman",-0.75778990983963,-0.587782919406891,0,0,0,0,-17.0141448974609,109,7,0.855479538440704
10,"Margaret Hassan","Democrat","Margaret Hassan",-0.812427699565887,0.0257338732481003,0,0,0,0,-10.152268409729,109,3,0.911065876483917
10,"Harold Janeway","Democrat","Harold Janeway",-0.897238790988922,-0.441545516252518,0,0,0,0,-6.87545108795166,109,2,0.938870668411255
10,"Molly Kelly","Democrat","Molly Kelly",-0.817163348197937,-0.0912129655480385,0,0,0,0,-10.6265096664429,109,5,0.907110571861267
10,"Joseph Kenney","Republican","Joseph Kenney",0.77933257818222,0.21459236741066,0,0,0,0,-23.1739673614502,109,11,0.808475255966187
10,"Sylvia Larsen","Democrat","Sylvia Larsen",-0.803232550621033,0.0359900444746017,0,0,0,0,-8.53161811828613,109,2,0.924713134765625
10,"Robert Letourneau","Republican","Robert Letourneau",0.717262327671051,0.231571659445763,0,0,0,0,-16.7407360076904,109,10,0.857628107070923
10,"Bob Odell","Republican","Bob Odell",0.306714832782745,-0.395625978708267,0,0,0,0,-21.2059764862061,109,11,0.823204815387726
10,"Deborah Reynolds","Democrat","Deborah Reynolds",-0.754584908485413,-0.0601235330104828,0,0,0,0,-17.5727195739746,109,6,0.851106822490692
10,"Sheila Roberge","Republican","Sheila Roberge",0.635547757148743,-0.238537281751633,0,0,0,0,-28.5696926116943,109,13,0.769428491592407
10,"Kathleen Sgambati","Democrat","Kathleen Sgambati",-0.735327780246735,-0.0335999168455601,0,0,0,0,-15.9003190994263,109,7,0.864266157150269
11,"John Barnes, Jr.","Republican","John Barnes, Jr.",0.71187561750412,-0.150907129049301,0,0,0,0,-10.3547897338867,81,5,0.8799968957901
11,"Jeb Bradley","Republican","Jeb Bradley",0.619964897632599,-0.163914144039154,0,0,0,0,-2.28938961029053,50,0,0.955244660377502
11,"Peter Bragdon","Republican","Peter Bragdon",0.592602789402008,-0.259333223104477,0,0,0,0,-11.0213079452515,81,5,0.872785449028015
11,"Sharon Carson","Republican","Sharon Carson",0.60035103559494,-0.196914538741112,0,0,0,0,-11.7926950454712,81,8,0.864513099193573
11,"Jacalyn Cilley","Democrat","Jacalyn Cilley",-0.808654487133026,0.588283956050873,0,0,0,0,-8.90321159362793,81,4,0.895909190177917
11,"Lou D'Allesandro","Democrat","Lou D'Allesandro",-0.656543076038361,0.412257045507431,0,0,0,0,-14.5895652770996,81,6,0.835171580314636
11,"William Denley","Republican","William Denley",0.912434577941895,0.237652942538261,0,0,0,0,-1.41504347324371,3,1,0.623952448368073
11,"Betsi DeVries","Democrat","Betsi DeVries",-0.544063985347748,-0.414663642644882,0,0,0,0,-15.4917049407959,81,6,0.825921416282654
11,"Michael Downing","Republican","Michael Downing",0.513355314731598,0.32656791806221,0,0,0,0,-9.07401466369629,74,4,0.884598135948181
11,"Martha Fuller Clark","Democrat","Martha Fuller Clark",-0.945716798305511,-0.0840935111045837,0,0,0,0,-9.63712501525879,77,3,0.882357954978943
11,"John Gallus","Republican","John Gallus",0.486191242933273,0.51224958896637,0,0,0,0,-15.8689460754395,81,9,0.822083830833435
11,"Theodore Gatsas","Republican","Theodore Gatsas",0.916842520236969,-0.100150227546692,0,0,0,0,-12.0987510681152,81,7,0.861252725124359
11,"Peggy Gilmour","Democrat","Peggy Gilmour",-0.629570305347443,-0.123820908367634,0,0,0,0,-4.87704801559448,81,3,0.941566348075867
11,"Margaret Hassan","Democrat","Margaret Hassan",-0.849130272865295,0.0908366441726685,0,0,0,0,-5.7973780632019,81,3,0.930928707122803
11,"Matthew Houde","Democrat","Matthew Houde",-0.887932538986206,-0.0379495546221733,0,0,0,0,-3.27721643447876,81,1,0.960348069667816
11,"Harold Janeway","Democrat","Harold Janeway",-0.897238790988922,-0.441545516252518,0,0,0,0,-7.66543579101562,81,2,0.909704923629761
11,"Molly Kelly","Democrat","Molly Kelly",-0.804373264312744,-0.0972899422049522,0,0,0,0,-2.72052502632141,81,0,0.966971039772034
11,"Sylvia Larsen","Democrat","Sylvia Larsen",-0.797508120536804,0.059047169983387,0,0,0,0,-4.32100391387939,81,1,0.948052167892456
11,"Robert Letourneau","Republican","Robert Letourneau",0.743255138397217,0.189927741885185,0,0,0,0,-17.7608108520508,81,10,0.803105413913727
11,"Amanda Merrill","Democrat","Amanda Merrill",-0.860918164253235,-0.120445713400841,0,0,0,0,-3.13076829910278,81,1,0.962085962295532
11,"Bob Odell","Republican","Bob Odell",0.282945036888123,-0.394009858369827,0,0,0,0,-8.94381713867188,81,7,0.895460188388824
11,"Deborah Reynolds","Democrat","Deborah Reynolds",-0.754584908485413,-0.0601235330104828,0,0,0,0,-5.69783782958984,81,2,0.932073414325714
11,"Sheila Roberge","Republican","Sheila Roberge",0.665817499160767,-0.434777975082397,0,0,0,0,-16.7403907775879,81,9,0.813286781311035
11,"Kathleen Sgambati","Democrat","Kathleen Sgambati",-0.735327780246735,-0.0335999168455601,0,0,0,0,-3.04538297653198,81,1,0.963100671768188
12,"John Barnes, Jr.","Republican","John Barnes, Jr.",0.70436817407608,-0.212708175182343,0,0,0,0,-3.8092942237854,43,1,0.915222346782684
12,"David Boutin","Republican","David Boutin",0.564395248889923,0.00261624110862613,0,0,0,0,-2.34255003929138,39,3,0.941702961921692
12,"Jeb Bradley","Republican","Jeb Bradley",0.576480150222778,-0.108158253133297,0,0,0,0,-1.69764471054077,43,0,0.961289048194885
12,"Peter Bragdon","Republican","Peter Bragdon",0.580285608768463,-0.245446249842644,0,0,0,0,-3.82752346992493,41,3,0.910870790481567
12,"Sharon Carson","Republican","Sharon Carson",0.639058113098145,-0.216134831309319,0,0,0,0,-3.7660870552063,43,3,0.916142463684082
12,"Jacalyn Cilley","Democrat","Jacalyn Cilley",-0.808654487133026,0.588283956050873,0,0,0,0,-3.71945977210999,42,2,0.915249526500702
12,"Lou D'Allesandro","Democrat","Lou D'Allesandro",-0.676552414894104,0.349727004766464,0,0,0,0,-2.20310258865356,43,0,0.950055420398712
12,"Betsi DeVries","Democrat","Betsi DeVries",-0.544063985347748,-0.414663642644882,0,0,0,0,-2.34391236305237,43,0,0.946949422359467
12,"Michael Downing","Republican","Michael Downing",0.513355314731598,0.32656791806221,0,0,0,0,-2.27416563034058,43,1,0.948486626148224
12,"Martha Fuller Clark","Democrat","Martha Fuller Clark",-0.941286027431488,-0.0197464227676392,0,0,0,0,-3.98135638237,43,3,0.911567449569702
12,"John Gallus","Republican","John Gallus",0.488888055086136,0.560582160949707,0,0,0,0,-1.35047245025635,43,0,0.969081699848175
12,"Peggy Gilmour","Democrat","Peggy Gilmour",-0.629570305347443,-0.123820908367634,0,0,0,0,-2.7297739982605,43,1,0.938489973545074
12,"Margaret Hassan","Democrat","Margaret Hassan",-0.878448903560638,0.209166929125786,0,0,0,0,-2.32211136817932,43,1,0.947429656982422
12,"Matthew Houde","Democrat","Matthew Houde",-0.887932538986206,-0.0379495546221733,0,0,0,0,-6.71892642974854,43,4,0.855341851711273
12,"Harold Janeway","Democrat","Harold Janeway",-0.897238790988922,-0.441545516252518,0,0,0,0,-3.46752953529358,43,3,0.922525525093079
12,"Molly Kelly","Democrat","Molly Kelly",-0.802318274974823,-0.110153049230576,0,0,0,0,-2.2969024181366,43,0,0.947985231876373
12,"Sylvia Larsen","Democrat","Sylvia Larsen",-0.798791587352753,0.076842799782753,0,0,0,0,-1.32909166812897,42,0,0.968850433826447
12,"Robert Letourneau","Republican","Robert Letourneau",0.804216086864471,-0.0383872091770172,0,0,0,0,-1.22775781154633,41,0,0.970498621463776
12,"Amanda Merrill","Democrat","Amanda Merrill",-0.860918164253235,-0.120445713400841,0,0,0,0,-4.31451559066772,43,3,0.904532015323639
12,"Bob Odell","Republican","Bob Odell",0.265155643224716,-0.391601026058197,0,0,0,0,-1.65816104412079,43,0,0.962172150611877
12,"Deborah Reynolds","Democrat","Deborah Reynolds",-0.754584908485413,-0.0601235330104828,0,0,0,0,-3.05908799171448,43,2,0.931330025196075
12,"Sheila Roberge","Republican","Sheila Roberge",0.712390959262848,-0.678051471710205,0,0,0,0,-2.29218578338623,43,1,0.948089241981506
12,"Kathleen Sgambati","Democrat","Kathleen Sgambati",-0.735327780246735,-0.0335999168455601,0,0,0,0,-2.35808324813843,43,0,0.946637392044067
13,"John Barnes, Jr.","Republican","John Barnes, Jr.",0.686300694942474,-0.251725256443024,0,0,0,0,-15.8037853240967,89,7,0.837301850318909
13,"David Boutin","Republican","David Boutin",0.551815748214722,0.196309253573418,0,0,0,0,-14.0218486785889,86,5,0.849553167819977
13,"Jeb Bradley","Republican","Jeb Bradley",0.552083551883698,-0.0681113451719284,0,0,0,0,-10.1774930953979,89,3,0.891942262649536
13,"Peter Bragdon","Republican","Peter Bragdon",0.575664877891541,-0.209392547607422,0,0,0,0,-11.0395793914795,89,4,0.883344292640686
13,"Sharon Carson","Republican","Sharon Carson",0.655154943466187,-0.251412630081177,0,0,0,0,-20.0615882873535,89,9,0.798188030719757
13,"Lou D'Allesandro","Democrat","Lou D'Allesandro",-0.695151507854462,0.27801126241684,0,0,0,0,-3.87240266799927,86,2,0.955970764160156
13,"Tom De Blois","Republican","Tom De Blois",0.77496075630188,0.429056406021118,0,0,0,0,-10.1074686050415,89,5,0.892644345760345
13,"Jeanie Forrester","Republican","Jeanie Forrester",0.724331915378571,0.173832610249519,0,0,0,0,-14.9489974975586,89,6,0.845382332801819
13,"James Forsythe","Republican","James Forsythe",0.980219602584839,0.197912618517876,0,0,0,0,-9.45864677429199,89,4,0.899175584316254
13,"John Gallus","Republican","John Gallus",0.486798882484436,0.629686594009399,0,0,0,0,-12.425235748291,89,5,0.869697868824005
13,"Fenton Groen","Republican","Fenton Groen",0.998961508274078,-0.0455633439123631,0,0,0,0,-13.0867605209351,89,6,0.863257467746735
13,"Matthew Houde","Democrat","Matthew Houde",-0.887932538986206,-0.0379495546221733,0,0,0,0,-2.65367603302002,89,1,0.970623552799225
13,"Molly Kelly","Democrat","Molly Kelly",-0.80836820602417,-0.123041659593582,0,0,0,0,-2.36183953285217,89,1,0.973811507225037
13,"Gary Lambert","Republican","Gary Lambert",0.612840950489044,-0.318883925676346,0,0,0,0,-12.9400234222412,89,6,0.864681959152222
13,"Sylvia Larsen","Democrat","Sylvia Larsen",-0.809699714183807,0.0862310379743576,0,0,0,0,-1.1968629360199,89,0,0.986642122268677
13,"Jim Luther","Republican","Jim Luther",0.692245662212372,-0.348649531602859,0,0,0,0,-10.1506853103638,89,4,0.892210960388184
13,"Amanda Merrill","Democrat","Amanda Merrill",-0.860918164253235,-0.120445713400841,0,0,0,0,-2.59893298149109,89,1,0.971220731735229
13,"Chuck Morse","Republican","Chuck Morse",0.752405762672424,-0.200747355818748,0,0,0,0,-7.47825765609741,89,1,0.919407904148102
13,"Bob Odell","Republican","Bob Odell",0.254117041826248,-0.389511078596115,0,0,0,0,-4.98330974578857,89,1,0.945546448230743
13,"Russell Prescott","Republican","Russell Prescott",0.688209772109985,-0.428480058908463,0,0,0,0,-15.2799625396729,80,9,0.826132953166962
13,"Jim Rausch","Republican","Jim Rausch",0.602232933044434,0.106039755046368,0,0,0,0,-11.7978429794312,86,5,0.871809601783752
13,"Andy Sanborn","Republican","Andy Sanborn",1.004718542099,0.329568207263947,0,0,0,0,-13.4031381607056,89,5,0.860194265842438
13,"Nancy Stiles","Republican","Nancy Stiles",0.35348242521286,0.468867123126984,0,0,0,0,-10.4269104003906,89,5,0.889446139335632
13,"Raymond White","Republican","Raymond White",0.978377640247345,0.206826701760292,0,0,0,0,-16.3359546661377,89,9,0.832310199737549
14,"John Barnes, Jr.","Republican","John Barnes, Jr.",0.655467391014099,-0.263400822877884,0,0,0,0,-22.7955589294434,112,8,0.815844297409058
14,"David Boutin","Republican","David Boutin",0.544717192649841,0.262628018856049,0,0,0,0,-22.304256439209,112,11,0.819430947303772
14,"Jeb Bradley","Republican","Jeb Bradley",0.542395412921906,-0.0412107594311237,0,0,0,0,-19.6029510498047,112,11,0.839434921741486
14,"Peter Bragdon","Republican","Peter Bragdon",0.582003772258759,-0.150735586881638,0,0,0,0,-25.4578590393066,112,16,0.79667991399765
14,"Sharon Carson","Republican","Sharon Carson",0.654593527317047,-0.298713594675064,0,0,0,0,-29.8374919891357,111,15,0.764291346073151
14,"Lou D'Allesandro","Democrat","Lou D'Allesandro",-0.710988342761993,0.195118829607964,0,0,0,0,-6.25281095504761,112,2,0.945701122283936
14,"Tom De Blois","Republican","Tom De Blois",0.77496075630188,0.429056406021118,0,0,0,0,-21.136589050293,103,13,0.814476609230042
14,"Jeanie Forrester","Republican","Jeanie Forrester",0.695237278938293,0.0110449902713299,0,0,0,0,-41.966625213623,110,21,0.682826280593872
14,"James Forsythe","Republican","James Forsythe",0.980219602584839,0.197912618517876,0,0,0,0,-24.5309524536133,112,14,0.803300559520721
14,"John Gallus","Republican","John Gallus",0.476549506187439,0.737045049667358,0,0,0,0,-17.0194549560547,112,6,0.859023153781891
14,"Fenton Groen","Republican","Fenton Groen",0.998961508274078,-0.0455633439123631,0,0,0,0,-17.5325412750244,111,5,0.853891789913177
14,"Matthew Houde","Democrat","Matthew Houde",-0.887932538986206,-0.0379495546221733,0,0,0,0,-3.8246111869812,102,2,0.963198065757751
14,"Molly Kelly","Democrat","Molly Kelly",-0.81989324092865,-0.129195183515549,0,0,0,0,-3.25767922401428,107,1,0.970013201236725
14,"Gary Lambert","Republican","Gary Lambert",0.612840950489044,-0.318883925676346,0,0,0,0,-34.6702613830566,112,21,0.733772754669189
14,"Sylvia Larsen","Democrat","Sylvia Larsen",-0.832849621772766,0.0840659961104393,0,0,0,0,-6.91051340103149,106,3,0.936886131763458
14,"Jim Luther","Republican","Jim Luther",0.692245662212372,-0.348649531602859,0,0,0,0,-17.3568840026855,110,5,0.85402923822403
14,"Amanda Merrill","Democrat","Amanda Merrill",-0.860918164253235,-0.120445713400841,0,0,0,0,-4.2996301651001,109,3,0.961321711540222
14,"Chuck Morse","Republican","Chuck Morse",0.758385956287384,-0.225003659725189,0,0,0,0,-17.6025695800781,112,7,0.854562342166901
14,"Bob Odell","Republican","Bob Odell",0.250599533319473,-0.388851493597031,0,0,0,0,-10.8627777099609,112,3,0.907565891742706
14,"Russell Prescott","Republican","Russell Prescott",0.710664033889771,-0.415894955396652,0,0,0,0,-36.3382759094238,107,15,0.712047934532166
14,"Jim Rausch","Republican","Jim Rausch",0.602232933044434,0.106039755046368,0,0,0,0,-30.0566444396973,112,13,0.764630258083344
14,"Andy Sanborn","Republican","Andy Sanborn",0.947206497192383,0.0950464084744453,0,0,0,0,-22.0325164794922,89,10,0.780706226825714
14,"Nancy Stiles","Republican","Nancy Stiles",0.343494117259979,0.20656244456768,0,0,0,0,-18.7414321899414,112,9,0.845916867256165
14,"Raymond White","Republican","Raymond White",0.978377640247345,0.206826701760292,0,0,0,0,-31.7757148742676,112,15,0.752983689308167
15,"David Boutin","Republican","David Boutin",0.531989693641663,0.201726466417313,0,0,0,0,-4.67511987686157,85,1,0.946483790874481
15,"Jeb Bradley","Republican","Jeb Bradley",0.543036282062531,-0.0248939041048288,0,0,0,0,-9.90424823760986,85,3,0.890011787414551
15,"Peter Bragdon","Republican","Peter Bragdon",0.602565407752991,-0.0690389052033424,0,0,0,0,-12.1853332519531,85,5,0.866444826126099
15,"Sharon Carson","Republican","Sharon Carson",0.643325746059418,-0.354003310203552,0,0,0,0,-10.4831800460815,85,4,0.883970558643341
15,"Sam Cataldo","Republican","Sam Cataldo",0.662185609340668,-0.0661065801978111,0,0,0,0,-7.65672302246094,85,3,0.913858890533447
15,"Lou D'Allesandro","Democrat","Lou D'Allesandro",-0.722711026668549,0.0990587770938873,0,0,0,0,-10.5647640228271,85,3,0.883122503757477
15,"Jeanie Forrester","Republican","Jeanie Forrester",0.669709444046021,-0.0832178145647049,0,0,0,0,-6.74603939056396,85,2,0.923702538013458
15,"Martha Fuller Clark","Democrat","Martha Fuller Clark",-0.928053855895996,0.0743771344423294,0,0,0,0,-4.48918199539185,85,2,0.948556542396545
15,"Peggy Gilmour","Democrat","Peggy Gilmour",-0.629570305347443,-0.123820908367634,0,0,0,0,-5.85502052307129,85,3,0.933436274528503
15,"Andrew Hosmer","Democrat","Andrew Hosmer",-0.487652391195297,-0.499303162097931,0,0,0,0,-4.99253845214844,84,1,0.942296802997589
15,"Molly Kelly","Democrat","Molly Kelly",-0.834263026714325,-0.121852993965149,0,0,0,0,-5.78997421264648,85,3,0.934150874614716
15,"Sylvia Larsen","Democrat","Sylvia Larsen",-0.870857894420624,0.0672018229961395,0,0,0,0,-4.80712985992432,85,2,0.945015013217926
15,"Chuck Morse","Republican","Chuck Morse",0.75609564781189,-0.237884998321533,0,0,0,0,-5.45541477203369,85,2,0.937834918498993
15,"Bob Odell","Republican","Bob Odell",0.255373448133469,-0.390733867883682,0,0,0,0,-7.66054248809814,85,4,0.913817822933197
15,"David Pierce","Democrat","David Pierce",-0.798561573028564,-0.153860628604889,0,0,0,0,-7.94122219085693,85,4,0.910805284976959
15,"Russell Prescott","Republican","Russell Prescott",0.737802028656006,-0.328984528779984,0,0,0,0,-11.0038547515869,84,5,0.877219319343567
15,"Jim Rausch","Republican","Jim Rausch",0.602232933044434,0.106039755046368,0,0,0,0,-8.144362449646,84,3,0.907595336437225
15,"John Reagan","Republican","John Reagan",0.68901914358139,0.653235673904419,0,0,0,0,-10.1748218536377,85,2,0.88718318939209
15,"Andy Sanborn","Republican","Andy Sanborn",0.922331929206848,-0.00108541548252106,0,0,0,0,-8.84409332275391,85,4,0.901181876659393
15,"Donna Soucy","Democrat","Donna Soucy",-0.616357624530792,-0.490694493055344,0,0,0,0,-7.35628890991211,85,3,0.917094647884369
15,"Nancy Stiles","Republican","Nancy Stiles",0.33216267824173,0.0387168005108833,0,0,0,0,-4.51353788375854,85,1,0.94828474521637
15,"David Watters","Democrat","David Watters",-0.746468484401703,-0.309924781322479,0,0,0,0,-4.29997968673706,85,2,0.95067024230957
15,"Jeff Woodburn","Democrat","Jeff Woodburn",-0.42447555065155,0.791888177394867,0,0,0,0,-3.9317045211792,83,3,0.953734517097473
16,"David Boutin","Republican","David Boutin",0.502523064613342,0.0137586742639542,0,0,0,0,-18.7455902099609,81,11,0.793400585651398
16,"Jeb Bradley","Republican","Jeb Bradley",0.549626410007477,-0.0165981389582157,0,0,0,0,-19.8019275665283,81,14,0.78312087059021
16,"Peter Bragdon","Republican","Peter Bragdon",0.640612661838531,0.0361339710652828,0,0,0,0,-10.2343006134033,64,5,0.852219700813293
16,"Sharon Carson","Republican","Sharon Carson",0.627303421497345,-0.413247376680374,0,0,0,0,-16.0078220367432,81,7,0.820675551891327
16,"Sam Cataldo","Republican","Sam Cataldo",0.662185609340668,-0.0661065801978111,0,0,0,0,-23.7101764678955,81,12,0.746232390403748
16,"Lou D'Allesandro","Democrat","Lou D'Allesandro",-0.728967666625977,-0.0121601596474648,0,0,0,0,-16.0884304046631,81,6,0.819859266281128
16,"Jeanie Forrester","Republican","Jeanie Forrester",0.647748351097107,-0.108955800533295,0,0,0,0,-9.28838729858398,81,3,0.891659080982208
16,"Martha Fuller Clark","Democrat","Martha Fuller Clark",-0.911400675773621,0.177735686302185,0,0,0,0,-11.8426094055176,81,7,0.863980531692505
16,"Peggy Gilmour","Democrat","Peggy Gilmour",-0.629570305347443,-0.123820908367634,0,0,0,0,-10.819580078125,79,3,0.872007966041565
16,"Andrew Hosmer","Democrat","Andrew Hosmer",-0.487652391195297,-0.499303162097931,0,0,0,0,-7.80528783798218,75,6,0.901161730289459
16,"Molly Kelly","Democrat","Molly Kelly",-0.848847627639771,-0.0942544713616371,0,0,0,0,-11.2128372192383,81,7,0.870724141597748
16,"Sylvia Larsen","Democrat","Sylvia Larsen",-0.926341414451599,0.0324926525354385,0,0,0,0,-7.50175333023071,81,1,0.911545097827911
16,"Chuck Morse","Republican","Chuck Morse",0.749707520008087,-0.237435504794121,0,0,0,0,-10.2482995986938,81,6,0.881154596805573
16,"Bob Odell","Republican","Bob Odell",0.269209116697311,-0.396269828081131,0,0,0,0,-9.76839256286621,81,5,0.886390745639801
16,"David Pierce","Democrat","David Pierce",-0.798561573028564,-0.153860628604889,0,0,0,0,-7.98320388793945,81,2,0.906143069267273
16,"Russell Prescott","Republican","Russell Prescott",0.759750664234161,-0.16748882830143,0,0,0,0,-18.8468894958496,78,5,0.785349249839783
16,"Jim Rausch","Republican","Jim Rausch",0.602232933044434,0.106039755046368,0,0,0,0,-12.0830459594727,81,5,0.86141973733902
16,"John Reagan","Republican","John Reagan",0.639554560184479,0.702534019947052,0,0,0,0,-12.4555473327637,80,4,0.855820715427399
16,"Andy Sanborn","Republican","Andy Sanborn",0.925675928592682,0.0136250741779804,0,0,0,0,-12.5509786605835,81,7,0.856457710266113
16,"Donna Soucy","Democrat","Donna Soucy",-0.760985434055328,-0.33917036652565,0,0,0,0,-18.9833297729492,81,7,0.791075348854065
16,"Nancy Stiles","Republican","Nancy Stiles",0.319488108158112,-0.0346698239445686,0,0,0,0,-12.3822946548462,81,6,0.85824316740036
16,"David Watters","Democrat","David Watters",-0.680695056915283,-0.280622184276581,0,0,0,0,-10.0471143722534,76,8,0.876166760921478
16,"Jeff Woodburn","Democrat","Jeff Woodburn",-0.469609558582306,0.616059958934784,0,0,0,0,-12.0006265640259,81,5,0.8622967004776
17,"Kevin Avard","Republican","Kevin Avard",0.862855195999146,-0.100770138204098,0,0,0,0,-10.8925895690918,88,4,0.883574724197388
17,"Regina Birdsell","Republican","Regina Birdsell",0.739848792552948,-0.0266062915325165,0,0,0,0,-8.43175411224365,87,5,0.907631576061249
17,"David Boutin","Republican","David Boutin",0.445207297801971,-0.301121413707733,0,0,0,0,-6.44443082809448,87,2,0.928603053092957
17,"Jeb Bradley","Republican","Jeb Bradley",0.557786285877228,-0.0137608349323273,0,0,0,0,-8.03467845916748,88,5,0.91274094581604
17,"Sharon Carson","Republican","Sharon Carson",0.612478315830231,-0.472411453723907,0,0,0,0,-14.6756725311279,88,9,0.846395075321198
17,"Sam Cataldo","Republican","Sam Cataldo",0.662185609340668,-0.0661065801978111,0,0,0,0,-5.55368232727051,81,1,0.933733701705933
17,"Lou D'Allesandro","Democrat","Lou D'Allesandro",-0.728406190872192,-0.1405288875103,0,0,0,0,-9.19928359985352,85,4,0.897423982620239
17,"Gary Daniels","Republican","Gary Daniels",0.953098714351654,0.119997173547745,0,0,0,0,-4.72352313995361,88,1,0.947738766670227
17,"Dan Feltes","Democrat","Dan Feltes",-0.748135387897491,0.842767238616943,0,0,0,0,-2.75973987579346,88,1,0.969125986099243
17,"Jeanie Forrester","Republican","Jeanie Forrester",0.629354000091553,-0.0661689639091492,0,0,0,0,-7.62646150588989,88,3,0.916984856128693
17,"Martha Fuller Clark","Democrat","Martha Fuller Clark",-0.896706640720367,0.269787490367889,0,0,0,0,-5.43625259399414,88,2,0.940093815326691
17,"Andrew Hosmer","Democrat","Andrew Hosmer",-0.487652391195297,-0.499303162097931,0,0,0,0,-15.3338088989258,83,6,0.831316530704498
17,"Molly Kelly","Democrat","Molly Kelly",-0.861016988754272,-0.0396390296518803,0,0,0,0,-5.37651014328003,88,2,0.94073224067688
17,"Gerald Little","Republican","Gerald Little",0.27320995926857,0.542168200016022,0,0,0,0,-5.5411491394043,88,1,0.938973903656006
17,"Chuck Morse","Republican","Chuck Morse",0.743394494056702,-0.221699342131615,0,0,0,0,-6.78112030029297,88,2,0.925835967063904
17,"David Pierce","Democrat","David Pierce",-0.798561573028564,-0.153860628604889,0,0,0,0,-8.21241760253906,88,5,0.91089928150177
17,"Russell Prescott","Republican","Russell Prescott",0.766636729240417,0.0688518285751343,0,0,0,0,-15.7632093429565,88,9,0.835999429225922
17,"John Reagan","Republican","John Reagan",0.592668056488037,0.759068548679352,0,0,0,0,-7.63277387619019,88,3,0.916919052600861
17,"Andy Sanborn","Republican","Andy Sanborn",0.952819585800171,0.111630029976368,0,0,0,0,-10.9564447402954,88,5,0.882933795452118
17,"Donna Soucy","Democrat","Donna Soucy",-0.797375202178955,-0.271984994411469,0,0,0,0,-8.14793014526367,88,4,0.911567032337189
17,"Nancy Stiles","Republican","Nancy Stiles",0.30547034740448,-0.0135974148288369,0,0,0,0,-7.56542730331421,88,4,0.917621076107025
17,"David Watters","Democrat","David Watters",-0.63862270116806,-0.23605589568615,0,0,0,0,-4.59928226470947,83,1,0.946094274520874
17,"Jeff Woodburn","Democrat","Jeff Woodburn",-0.49130454659462,0.504904270172119,0,0,0,0,-4.435959815979,88,3,0.950840771198273
18,"Kevin Avard","Republican","Kevin Avard",0.862855195999146,-0.100770138204098,0,0,0,0,-17.1868953704834,112,9,0.857739865779877
18,"Regina Birdsell","Republican","Regina Birdsell",0.745385944843292,-0.135129988193512,0,0,0,0,-18.3290748596191,128,9,0.866584300994873
18,"David Boutin","Republican","David Boutin",0.348932385444641,-0.742759585380554,0,0,0,0,-18.4164581298828,124,8,0.861982941627502
18,"Jeb Bradley","Republican","Jeb Bradley",0.563136398792267,-0.013819370418787,0,0,0,0,-17.4484233856201,128,9,0.872566998004913
18,"Sharon Carson","Republican","Sharon Carson",0.604802548885345,-0.527461171150208,0,0,0,0,-26.1319389343262,128,14,0.815335333347321
18,"Sam Cataldo","Republican","Sam Cataldo",0.662185609340668,-0.0661065801978111,0,0,0,0,-30.1712036132812,128,13,0.790007770061493
18,"Lou D'Allesandro","Democrat","Lou D'Allesandro",-0.719674706459045,-0.288038462400436,0,0,0,0,-14.4817810058594,128,6,0.89302659034729
18,"Gary Daniels","Republican","Gary Daniels",0.953098714351654,0.119997173547745,0,0,0,0,-12.0110311508179,128,5,0.910431921482086
18,"Dan Feltes","Democrat","Dan Feltes",-0.721280813217163,0.722754001617432,0,0,0,0,-9.51929092407227,128,6,0.928328633308411
18,"Jeanie Forrester","Republican","Jeanie Forrester",0.614526331424713,0.0451426804065704,0,0,0,0,-21.8289070129395,124,10,0.838584780693054
18,"Martha Fuller Clark","Democrat","Martha Fuller Clark",-0.889352083206177,0.329991012811661,0,0,0,0,-8.11767196655273,128,6,0.938549816608429
18,"Andrew Hosmer","Democrat","Andrew Hosmer",-0.487652391195297,-0.499303162097931,0,0,0,0,-8.43853378295898,124,3,0.934211254119873
18,"Molly Kelly","Democrat","Molly Kelly",-0.868140935897827,0.0487539581954479,0,0,0,0,-7.88427257537842,128,3,0.940262794494629
18,"Gerald Little","Republican","Gerald Little",0.27320995926857,0.542168200016022,0,0,0,0,-15.7822380065918,123,7,0.879579901695251
18,"Chuck Morse","Republican","Chuck Morse",0.741329371929169,-0.188720673322678,0,0,0,0,-17.080904006958,128,7,0.875075995922089
18,"David Pierce","Democrat","David Pierce",-0.798561573028564,-0.153860628604889,0,0,0,0,-19.1118183135986,120,10,0.852770209312439
18,"Russell Prescott","Republican","Russell Prescott",0.748587191104889,0.380297303199768,0,0,0,0,-23.8427295684814,125,11,0.826345920562744
18,"John Reagan","Republican","John Reagan",0.548359751701355,0.822839438915253,0,0,0,0,-17.7375202178955,127,7,0.869649052619934
18,"Andy Sanborn","Republican","Andy Sanborn",0.999343812465668,0.265381753444672,0,0,0,0,-12.5553035736084,128,6,0.906568825244904
18,"Donna Soucy","Democrat","Donna Soucy",-0.766764640808105,-0.267975836992264,0,0,0,0,-13.8328866958618,128,5,0.897565305233002
18,"Nancy Stiles","Republican","Nancy Stiles",0.29010945558548,0.101934015750885,0,0,0,0,-24.5438632965088,127,11,0.824268639087677
18,"David Watters","Democrat","David Watters",-0.613399624824524,-0.183744639158249,0,0,0,0,-13.7425727844238,128,6,0.898198783397675
18,"Jeff Woodburn","Democrat","Jeff Woodburn",-0.489560455083847,0.458420962095261,0,0,0,0,-9.82506465911865,128,2,0.926113665103912
19,"Kevin Avard","Republican","Kevin Avard",0.862855195999146,-0.100770138204098,0,0,0,0,-35.6909103393555,187,18,0.826247870922089
19,"Regina Birdsell","Republican","Regina Birdsell",0.750923097133636,-0.243653684854507,0,0,0,0,-24.450101852417,187,9,0.877437770366669
19,"Jeb Bradley","Republican","Jeb Bradley",0.561296999454498,-0.0142111163586378,0,0,0,0,-25.891284942627,185,13,0.869399189949036
19,"Sharon Carson","Republican","Sharon Carson",0.610227823257446,-0.57436215877533,0,0,0,0,-27.8077583312988,184,12,0.859736680984497
19,"Lou D'Allesandro","Democrat","Lou D'Allesandro",-0.701421141624451,-0.456679940223694,0,0,0,0,-10.631386756897,187,7,0.944733560085297
19,"Gary Daniels","Republican","Gary Daniels",0.953098714351654,0.119997173547745,0,0,0,0,-29.3647174835205,187,15,0.85467791557312
19,"Dan Feltes","Democrat","Dan Feltes",-0.694426238536835,0.60274076461792,0,0,0,0,-15.0413436889648,187,6,0.92271488904953
19,"Harold French","Republican","Harold French",0.850995719432831,0.234422206878662,0,0,0,0,-39.1769104003906,187,20,0.810987889766693
19,"Martha Fuller Clark","Democrat","Martha Fuller Clark",-0.894717156887054,0.337804704904556,0,0,0,0,-10.9647827148438,173,5,0.938586533069611
19,"Bill Gannon","Republican","Bill Gannon",0.614168703556061,-0.39040595293045,0,0,0,0,-30.2015838623047,187,18,0.850861608982086
19,"Bob Giuda","Republican","Bob Giuda",0.999645471572876,-0.0266277100890875,0,0,0,0,-31.4321746826172,180,12,0.839773416519165
19,"James Gray","Republican","James Gray",0.681398928165436,-0.13215871155262,0,0,0,0,-23.1357593536377,187,7,0.883626639842987
19,"Martha Hennessey","Democrat","Martha Hennessey",-0.740685403347015,0.364070981740952,0,0,0,0,-10.1580839157104,172,4,0.942651510238647
19,"Daniel Innis","Republican","Daniel Innis",0.528813898563385,0.208934918045998,0,0,0,0,-25.5374603271484,187,15,0.872350513935089
19,"Jay Kahn","Democrat","Jay Kahn",-0.792663097381592,0.0883040428161621,0,0,0,0,-14.7128400802612,187,7,0.924337267875671
19,"Scott McGilvray","Democrat","Scott McGilvray",-0.356275111436844,-0.147153973579407,0,0,0,0,-0.0272333323955536,33,0,0.999175071716309
19,"Chuck Morse","Republican","Chuck Morse",0.747685074806213,-0.136543586850166,0,0,0,0,-33.2013206481934,187,19,0.837321519851685
19,"John Reagan","Republican","John Reagan",0.506629586219788,0.89384663105011,0,0,0,0,-25.5904941558838,187,12,0.872103154659271
19,"Andy Sanborn","Republican","Andy Sanborn",1.06082987785339,0.44733253121376,0,0,0,0,-40.8100090026855,187,23,0.803936243057251
19,"Donna Soucy","Democrat","Donna Soucy",-0.710391283035278,-0.305980563163757,0,0,0,0,-7.09061288833618,176,2,0.960513174533844
19,"Ruth Ward","Republican","Ruth Ward",0.700816750526428,0.0452126041054726,0,0,0,0,-36.583911895752,187,23,0.822311580181122
19,"David Watters","Democrat","David Watters",-0.598174035549164,-0.131207168102264,0,0,0,0,-12.2955656051636,187,5,0.936363339424133
19,"Jeff Woodburn","Democrat","Jeff Woodburn",-0.464377343654633,0.47661018371582,0,0,0,0,-14.5331583023071,187,9,0.925225853919983
20,"Kevin Avard","Republican","Kevin Avard",0.862855195999146,-0.100770138204098,0,0,0,0,-37.1402626037598,239,13,0.85607385635376
20,"Regina Birdsell","Republican","Regina Birdsell",0.756460249423981,-0.352177381515503,0,0,0,0,-35.9753608703613,236,14,0.858612179756165
20,"Jeb Bradley","Republican","Jeb Bradley",0.547888517379761,-0.0123734436929226,0,0,0,0,-42.2730827331543,234,18,0.834723949432373
20,"Sharon Carson","Republican","Sharon Carson",0.634706020355225,-0.609079897403717,0,0,0,0,-43.6648979187012,229,17,0.826399981975555
20,"Kevin Cavanaugh","Democrat","Kevin Cavanaugh",-0.799574732780457,-0.396047860383987,0,0,0,0,-22.1713371276855,206,9,0.897961735725403
20,"Lou D'Allesandro","Democrat","Lou D'Allesandro",-0.672293841838837,-0.648443996906281,0,0,0,0,-27.6936321258545,219,16,0.881213843822479
20,"Gary Daniels","Republican","Gary Daniels",0.953098714351654,0.119997173547745,0,0,0,0,-40.0417671203613,238,23,0.845148682594299
20,"Dan Feltes","Democrat","Dan Feltes",-0.667571663856506,0.482727527618408,0,0,0,0,-23.5314445495605,238,13,0.905858993530273
20,"Harold French","Republican","Harold French",0.850995719432831,0.234422206878662,0,0,0,0,-50.5745468139648,239,18,0.80928111076355
20,"Martha Fuller Clark","Democrat","Martha Fuller Clark",-0.91818243265152,0.272686898708344,0,0,0,0,-24.3752994537354,233,9,0.900671184062958
20,"Bill Gannon","Republican","Bill Gannon",0.614168703556061,-0.39040595293045,0,0,0,0,-54.1515617370605,239,28,0.797259092330933
20,"Bob Giuda","Republican","Bob Giuda",0.999645471572876,-0.0266277100890875,0,0,0,0,-43.4597663879395,239,16,0.833734691143036
20,"James Gray","Republican","James Gray",0.681398928165436,-0.13215871155262,0,0,0,0,-31.9935169219971,239,13,0.874708950519562
20,"Martha Hennessey","Democrat","Martha Hennessey",-0.740685403347015,0.364070981740952,0,0,0,0,-23.483434677124,227,8,0.901719987392426
20,"Daniel Innis","Republican","Daniel Innis",0.528813898563385,0.208934918045998,0,0,0,0,-47.7978439331055,239,23,0.818738162517548
20,"Jay Kahn","Democrat","Jay Kahn",-0.792663097381592,0.0883040428161621,0,0,0,0,-38.2453575134277,235,23,0.849806845188141
20,"Chuck Morse","Republican","Chuck Morse",0.766634345054626,-0.0632123574614525,0,0,0,0,-45.1328964233398,239,16,0.827918469905853
20,"John Reagan","Republican","John Reagan",0.46747750043869,0.972090005874634,0,0,0,0,-28.6456985473633,218,13,0.876864969730377
20,"Andy Sanborn","Republican","Andy Sanborn",1.13285875320435,0.629934370517731,0,0,0,0,-62.32080078125,238,40,0.769624829292297
20,"Donna Soucy","Democrat","Donna Soucy",-0.669492661952972,-0.364836841821671,0,0,0,0,-33.1904029846191,234,20,0.86776065826416
20,"Ruth Ward","Republican","Ruth Ward",0.700816750526428,0.0452126041054726,0,0,0,0,-49.5521774291992,239,24,0.812750339508057
20,"David Watters","Democrat","David Watters",-0.58609402179718,-0.0859622284770012,0,0,0,0,-20.9095840454102,219,8,0.908938765525818
20,"Jeff Woodburn","Democrat","Jeff Woodburn",-0.415755152702332,0.559471905231476,0,0,0,0,-25.4985656738281,239,12,0.898805558681488
21,"Regina Birdsell","Republican","Regina Birdsell",0.761997401714325,-0.460701078176498,0,0,0,0,-13.1359119415283,219,3,0.941782116889954
21,"Jeb Bradley","Republican","Jeb Bradley",0.518531501293182,-0.00574374385178089,0,0,0,0,-18.1616344451904,218,9,0.920065641403198
21,"Sharon Carson","Republican","Sharon Carson",0.684189021587372,-0.627580165863037,0,0,0,0,-17.428638458252,219,8,0.923501551151276
21,"Kevin Cavanaugh","Democrat","Kevin Cavanaugh",-0.799574732780457,-0.396047860383987,0,0,0,0,-15.014253616333,219,7,0.933739066123962
21,"Shannon Chandley","Democrat","Shannon Chandley",-0.536222815513611,0.524493396282196,0,0,0,0,-5.59297895431519,219,2,0.97478461265564
21,"Lou D'Allesandro","Democrat","Lou D'Allesandro",-0.630940556526184,-0.865322232246399,0,0,0,0,-11.3239412307739,215,6,0.948693513870239
21,"Jeanne Dietsch","Democrat","Jeanne Dietsch",-0.942095935344696,0.335343450307846,0,0,0,0,-29.7760887145996,219,15,0.872874140739441
21,"Dan Feltes","Democrat","Dan Feltes",-0.640717089176178,0.362714290618896,0,0,0,0,-6.81318807601929,219,1,0.969368517398834
21,"Harold French","Republican","Harold French",0.850995719432831,0.234422206878662,0,0,0,0,-31.3978290557861,219,15,0.866434216499329
21,"Martha Fuller Clark","Democrat","Martha Fuller Clark",-0.965127766132355,0.114096105098724,0,0,0,0,-9.26388359069824,179,3,0.949562847614288
21,"Bob Giuda","Republican","Bob Giuda",0.999645471572876,-0.0266277100890875,0,0,0,0,-21.8723564147949,219,8,0.904951632022858
21,"James Gray","Republican","James Gray",0.681398928165436,-0.13215871155262,0,0,0,0,-20.8295936584473,219,8,0.909270823001862
21,"Martha Hennessey","Democrat","Martha Hennessey",-0.740685403347015,0.364070981740952,0,0,0,0,-6.8948221206665,219,2,0.969007253646851
21,"Jay Kahn","Democrat","Jay Kahn",-0.792663097381592,0.0883040428161621,0,0,0,0,-12.4823722839355,219,7,0.944596767425537
21,"Melanie Levesque","Democrat","Melanie Levesque",-0.637614130973816,0.104906596243382,0,0,0,0,-6.48819160461426,219,3,0.970808088779449
21,"Jon Morgan","Democrat","Jon Morgan",-0.29053583741188,0.0395699441432953,0,0,0,0,-7.95153760910034,219,2,0.964342832565308
21,"Chuck Morse","Republican","Chuck Morse",0.802350103855133,0.0332289487123489,0,0,0,0,-15.7006235122681,219,5,0.930817246437073
21,"John Reagan","Republican","John Reagan",0.430903643369675,1.05756962299347,0,0,0,0,-31.4206523895264,212,11,0.862249493598938
21,"Cindy Rosenwald","Democrat","Cindy Rosenwald",-0.66283106803894,0.614341676235199,0,0,0,0,-4.50731897354126,219,1,0.97962898015976
21,"Tom Sherman","Democrat","Tom Sherman",-0.920671999454498,0.39033704996109,0,0,0,0,-8.67328548431396,219,3,0.961169958114624
21,"Donna Soucy","Democrat","Donna Soucy",-0.685306489467621,-0.423382133245468,0,0,0,0,-13.2255764007568,218,6,0.941135823726654
21,"David Starr","Republican","David Starr",0.5703364610672,-0.671948254108429,0,0,0,0,-25.0288391113281,219,12,0.892001986503601
21,"Ruth Ward","Republican","Ruth Ward",0.700816750526428,0.0452126041054726,0,0,0,0,-24.6023368835449,218,14,0.893280386924744
21,"David Watters","Democrat","David Watters",-0.570307791233063,-0.055528599768877,0,0,0,0,-7.35122728347778,219,3,0.966989874839783
